date,station_key,station_id,station_name,attendance_station,attendance_line_total,move_intervals_count,movements_per_8h_station,movements_per_8h_line,avg_active_move_hours,line_avg_active_move_hours,cache_rows,cache_expected_rows,cache_complete
2026-01-19,11,11,Armado (Line 1),9,42,0,,0.7588907023337451,,10.541702481527778,7,7,True
2026-01-19,12,12,Armado (Line 2),9,42,1,0.6303616960274856,0.7588907023337451,12.69112646027778,10.541702481527778,7,7,True
2026-01-19,13,13,Armado (Line 3),9,42,1,1.153410042762276,0.7588907023337451,6.935954867222223,10.541702481527778,7,7,True
2026-01-19,14,14,Estacion 1 (Line 1),11,42,1,0.6271273967692063,0.7588907023337451,12.756578713055553,10.541702481527778,7,7,True
2026-01-19,15,15,Estacion 1 (Line 2),11,42,1,0.6191171568903917,0.7588907023337451,12.921625432222221,10.541702481527778,7,7,True
2026-01-19,16,16,Estacion 1 (Line 3),11,42,2,0.8505775958603644,0.7588907023337451,9.40537352375,10.541702481527778,7,7,True
2026-01-19,17,17,Estacion 2 (Line 1),9,42,1,0.6297985085592205,0.7588907023337451,12.702475301666665,10.541702481527778,7,7,True
2026-01-19,18,18,Estacion 2 (Line 2),9,42,0,,0.7588907023337451,,10.541702481527778,7,7,True
2026-01-19,19,19,Estacion 2 (Line 3),9,42,1,1.0645217220673022,0.7588907023337451,7.515112030277778,10.541702481527778,7,7,True
2026-01-19,20,20,Estacion 3 (Line 1),8,42,0,,0.7588907023337451,,10.541702481527778,7,7,True
2026-01-19,21,21,Estacion 3 (Line 2),8,42,0,,0.7588907023337451,,10.541702481527778,7,7,True
2026-01-19,22,22,Estacion 3 (Line 3),8,42,0,,0.7588907023337451,,10.541702481527778,7,7,True
2026-01-19,23,23,Estacion 4 (Line 1),8,42,0,,0.7588907023337451,,10.541702481527778,7,7,True
2026-01-19,24,24,Estacion 4 (Line 2),8,42,0,,0.7588907023337451,,10.541702481527778,7,7,True
2026-01-19,25,25,Estacion 4 (Line 3),8,42,0,,0.7588907023337451,,10.541702481527778,7,7,True
2026-01-19,26,26,Estacion 5 (Line 1),13,42,0,,0.7588907023337451,,10.541702481527778,7,7,True
2026-01-19,27,27,Estacion 5 (Line 2),13,42,0,,0.7588907023337451,,10.541702481527778,7,7,True
2026-01-19,28,28,Estacion 5 (Line 3),13,42,0,,0.7588907023337451,,10.541702481527778,7,7,True
2026-01-19,29,29,Estacion 6 (Line 1),12,42,0,,0.7588907023337451,,10.541702481527778,7,7,True
2026-01-19,30,30,Estacion 6 (Line 2),12,42,0,,0.7588907023337451,,10.541702481527778,7,7,True
2026-01-19,31,31,Estacion 6 (Line 3),12,42,0,,0.7588907023337451,,10.541702481527778,7,7,True
2026-01-20,11,11,Armado (Line 1),10,47,1,1.2387978597397944,1.1909971076607948,6.457873604722223,6.717060812777778,7,7,True
2026-01-20,12,12,Armado (Line 2),10,47,1,1.0830572092955189,1.1909971076607948,7.386498082777778,6.717060812777778,7,7,True
2026-01-20,13,13,Armado (Line 3),10,47,0,,1.1909971076607948,,6.717060812777778,7,7,True
2026-01-20,14,14,Estacion 1 (Line 1),13,47,1,1.0722472096751143,1.1909971076607948,7.460966023333333,6.717060812777778,7,7,True
2026-01-20,15,15,Estacion 1 (Line 2),13,47,2,1.2115733547127367,1.1909971076607948,6.6029844325,6.717060812777778,7,7,True
2026-01-20,16,16,Estacion 1 (Line 3),13,47,1,1.3680127543898928,1.1909971076607948,5.847898694166667,6.717060812777778,7,7,True
2026-01-20,17,17,Estacion 2 (Line 1),12,47,1,1.0832816644558951,1.1909971076607948,7.384967605833333,6.717060812777778,7,7,True
2026-01-20,18,18,Estacion 2 (Line 2),12,47,2,1.2223356137109898,1.1909971076607948,6.544847348194444,6.717060812777778,7,7,True
2026-01-20,19,19,Estacion 2 (Line 3),12,47,1,1.375067032978069,1.1909971076607948,5.817898188333333,6.717060812777778,7,7,True
2026-01-20,20,20,Estacion 3 (Line 1),9,47,1,1.088246917174854,1.1909971076607948,7.351272835000001,6.717060812777778,7,7,True
2026-01-20,21,21,Estacion 3 (Line 2),9,47,1,1.0665538026397057,1.1909971076607948,7.500793659166666,6.717060812777778,7,7,True
2026-01-20,22,22,Estacion 3 (Line 3),9,47,1,1.3750528229705041,1.1909971076607948,5.81795831138889,6.717060812777778,7,7,True
2026-01-20,23,23,Estacion 4 (Line 1),8,47,0,,1.1909971076607948,,6.717060812777778,7,7,True
2026-01-20,24,24,Estacion 4 (Line 2),8,47,0,,1.1909971076607948,,6.717060812777778,7,7,True
2026-01-20,25,25,Estacion 4 (Line 3),8,47,0,,1.1909971076607948,,6.717060812777778,7,7,True
2026-01-20,26,26,Estacion 5 (Line 1),13,47,0,,1.1909971076607948,,6.717060812777778,7,7,True
2026-01-20,27,27,Estacion 5 (Line 2),13,47,0,,1.1909971076607948,,6.717060812777778,7,7,True
2026-01-20,28,28,Estacion 5 (Line 3),13,47,0,,1.1909971076607948,,6.717060812777778,7,7,True
2026-01-20,29,29,Estacion 6 (Line 1),13,47,0,,1.1909971076607948,,6.717060812777778,7,7,True
2026-01-20,30,30,Estacion 6 (Line 2),13,47,0,,1.1909971076607948,,6.717060812777778,7,7,True
2026-01-20,31,31,Estacion 6 (Line 3),13,47,0,,1.1909971076607948,,6.717060812777778,7,7,True
2026-01-21,11,11,Armado (Line 1),10,50,1,1.5032117406747492,1.130783755989206,5.321938209722222,7.074739053888889,7,7,True
2026-01-21,12,12,Armado (Line 2),10,50,0,,1.130783755989206,,7.074739053888889,7,7,True
2026-01-21,13,13,Armado (Line 3),10,50,1,0.9631233979430899,1.130783755989206,8.306308430555555,7.074739053888889,7,7,True
2026-01-21,14,14,Estacion 1 (Line 1),15,50,2,1.0520908757609493,1.130783755989206,7.603905883333332,7.074739053888889,7,7,True
2026-01-21,15,15,Estacion 1 (Line 2),15,50,1,1.1115117991505155,1.130783755989206,7.1974044775,7.074739053888889,7,7,True
2026-01-21,16,16,Estacion 1 (Line 3),15,50,1,0.9711247300926905,1.130783755989206,8.237870741111111,7.074739053888889,7,7,True
2026-01-21,17,17,Estacion 2 (Line 1),13,50,2,1.039617520671188,1.130783755989206,7.695137722222222,7.074739053888889,7,7,True
2026-01-21,18,18,Estacion 2 (Line 2),13,50,1,1.106770694073795,1.130783755989206,7.22823620361111,7.074739053888889,7,7,True
2026-01-21,19,19,Estacion 2 (Line 3),13,50,1,0.9778639678336533,1.130783755989206,8.181097026944446,7.074739053888889,7,7,True
2026-01-21,20,20,Estacion 3 (Line 1),11,50,1,0.939531830312886,1.130783755989206,8.514879157777777,7.074739053888889,7,7,True
2026-01-21,21,21,Estacion 3 (Line 2),11,50,1,1.0408342668027446,1.130783755989206,7.686142025833333,7.074739053888889,7,7,True
2026-01-21,22,22,Estacion 3 (Line 3),11,50,2,1.5118174009122631,1.130783755989206,5.291644344861111,7.074739053888889,7,7,True
2026-01-21,23,23,Estacion 4 (Line 1),8,50,2,1.1788546912497389,1.130783755989206,6.786247753333333,7.074739053888889,7,7,True
2026-01-21,24,24,Estacion 4 (Line 2),8,50,1,1.3883485088467982,1.130783755989206,5.762241936388889,7.074739053888889,7,7,True
2026-01-21,25,25,Estacion 4 (Line 3),8,50,1,1.299690128046645,1.130783755989206,6.155313353055556,7.074739053888889,7,7,True
2026-01-21,26,26,Estacion 5 (Line 1),13,50,0,,1.130783755989206,,7.074739053888889,7,7,True
2026-01-21,27,27,Estacion 5 (Line 2),13,50,0,,1.130783755989206,,7.074739053888889,7,7,True
2026-01-21,28,28,Estacion 5 (Line 3),13,50,0,,1.130783755989206,,7.074739053888889,7,7,True
2026-01-21,29,29,Estacion 6 (Line 1),13,50,0,,1.130783755989206,,7.074739053888889,7,7,True
2026-01-21,30,30,Estacion 6 (Line 2),13,50,0,,1.130783755989206,,7.074739053888889,7,7,True
2026-01-21,31,31,Estacion 6 (Line 3),13,50,0,,1.130783755989206,,7.074739053888889,7,7,True
2026-01-22,11,11,Armado (Line 1),10,51,0,,0.954506084073981,,8.38129806973545,7,7,True
2026-01-22,12,12,Armado (Line 2),10,51,1,0.6341591716785425,0.954506084073981,12.615129382777779,8.38129806973545,7,7,True
2026-01-22,13,13,Armado (Line 3),10,51,1,1.1379958803698005,0.954506084073981,7.029902425833334,8.38129806973545,7,7,True
2026-01-22,14,14,Estacion 1 (Line 1),16,51,1,1.0075655503393388,0.954506084073981,7.939930059444444,8.38129806973545,7,7,True
2026-01-22,15,15,Estacion 1 (Line 2),16,51,1,0.9205371877658695,0.954506084073981,8.690577747777779,8.38129806973545,7,7,True
2026-01-22,16,16,Estacion 1 (Line 3),16,51,2,1.0293909287853804,0.954506084073981,7.771585873055555,8.38129806973545,7,7,True
2026-01-22,17,17,Estacion 2 (Line 1),13,51,1,0.9753028791280824,0.954506084073981,8.2025801125,8.38129806973545,7,7,True
2026-01-22,18,18,Estacion 2 (Line 2),13,51,1,0.9240089943755468,0.954506084073981,8.657924380277779,8.38129806973545,7,7,True
2026-01-22,19,19,Estacion 2 (Line 3),13,51,2,1.021174096173332,0.954506084073981,7.834119598194445,8.38129806973545,7,7,True
2026-01-22,20,20,Estacion 3 (Line 1),11,51,1,0.9790125649233533,0.954506084073981,8.171498800555556,8.38129806973545,7,7,True
2026-01-22,21,21,Estacion 3 (Line 2),11,51,1,0.9239317976949364,0.954506084073981,8.658647770277778,8.38129806973545,7,7,True
2026-01-22,22,22,Estacion 3 (Line 3),11,51,2,1.019145882284029,0.954506084073981,7.849710369305554,8.38129806973545,7,7,True
2026-01-22,23,23,Estacion 4 (Line 1),8,51,1,0.61006726195978,0.954506084073981,13.11330815277778,8.38129806973545,7,7,True
2026-01-22,24,24,Estacion 4 (Line 2),8,51,1,0.9783871809454738,0.954506084073981,8.176722013333334,8.38129806973545,7,7,True
2026-01-22,25,25,Estacion 4 (Line 3),8,51,2,1.0458033201768364,0.954506084073981,7.649621918055556,8.38129806973545,7,7,True
2026-01-22,26,26,Estacion 5 (Line 1),14,51,1,0.9684723022970123,0.954506084073981,8.260432416111112,8.38129806973545,7,7,True
2026-01-22,27,27,Estacion 5 (Line 2),14,51,1,0.9760595536018087,0.954506084073981,8.196221194166666,8.38129806973545,7,7,True
2026-01-22,28,28,Estacion 5 (Line 3),14,51,1,1.3148575054116467,0.954506084073981,6.084309491388889,8.38129806973545,7,7,True
2026-01-22,29,29,Estacion 6 (Line 1),14,51,0,,0.954506084073981,,8.38129806973545,7,7,True
2026-01-22,30,30,Estacion 6 (Line 2),14,51,0,,0.954506084073981,,8.38129806973545,7,7,True
2026-01-22,31,31,Estacion 6 (Line 3),14,51,0,,0.954506084073981,,8.38129806973545,7,7,True
2026-01-23,11,11,Armado (Line 1),10,51,1,0.9972276627071928,1.1732923946792602,8.02224035611111,6.818419718971194,7,7,True
2026-01-23,12,12,Armado (Line 2),10,51,1,0.969581609236207,1.1732923946792602,8.250981581944446,6.818419718971194,7,7,True
2026-01-23,13,13,Armado (Line 3),10,51,0,,1.1732923946792602,,6.818419718971194,7,7,True
2026-01-23,14,14,Estacion 1 (Line 1),16,51,2,1.816511026259537,1.1732923946792602,4.404047035416666,6.818419718971194,7,7,True
2026-01-23,15,15,Estacion 1 (Line 2),16,51,2,1.197413764906967,1.1732923946792602,6.681065672083334,6.818419718971194,7,7,True
2026-01-23,16,16,Estacion 1 (Line 3),16,51,1,1.1680832953001188,1.1732923946792602,6.848826648055555,6.818419718971194,7,7,True
2026-01-23,17,17,Estacion 2 (Line 1),13,51,1,0.9717015864381797,1.1732923946792602,8.232980280833333,6.818419718971194,7,7,True
2026-01-23,18,18,Estacion 2 (Line 2),13,51,2,1.186212150697787,1.1732923946792602,6.744156174166666,6.818419718971194,7,7,True
2026-01-23,19,19,Estacion 2 (Line 3),13,51,1,1.1444800735975778,1.1732923946792602,6.990073645277778,6.818419718971194,7,7,True
2026-01-23,20,20,Estacion 3 (Line 1),11,51,1,0.995361921868046,1.1732923946792602,8.037277521111111,6.818419718971194,7,7,True
2026-01-23,21,21,Estacion 3 (Line 2),11,51,2,1.174574043447503,1.1732923946792602,6.810979728888889,6.818419718971194,7,7,True
2026-01-23,22,22,Estacion 3 (Line 3),11,51,1,1.1393505912575848,1.1732923946792602,7.021543729722222,6.818419718971194,7,7,True
2026-01-23,23,23,Estacion 4 (Line 1),8,51,1,1.2494983311382057,1.1732923946792602,6.402569575833334,6.818419718971194,7,7,True
2026-01-23,24,24,Estacion 4 (Line 2),8,51,2,1.3390314601764113,1.1732923946792602,5.974467544583334,6.818419718971194,7,7,True
2026-01-23,25,25,Estacion 4 (Line 3),8,51,1,1.475134958419892,1.1732923946792602,5.4232326027777775,6.818419718971194,7,7,True
2026-01-23,26,26,Estacion 5 (Line 1),14,51,1,0.9952491172072166,1.1732923946792602,8.038188491388889,6.818419718971194,7,7,True
2026-01-23,27,27,Estacion 5 (Line 2),14,51,2,1.1760249945987118,1.1732923946792602,6.802576507083333,6.818419718971194,7,7,True
2026-01-23,28,28,Estacion 5 (Line 3),14,51,1,1.1225778375232032,1.1732923946792602,7.126454605277778,6.818419718971194,7,7,True
2026-01-23,29,29,Estacion 6 (Line 1),14,51,1,0.9939241210721111,1.1732923946792602,8.048904167222222,6.818419718971194,7,7,True
2026-01-23,30,30,Estacion 6 (Line 2),14,51,2,1.1747025560625324,1.1732923946792602,6.810234606805555,6.818419718971194,7,7,True
2026-01-23,31,31,Estacion 6 (Line 3),14,51,1,1.1112647328708323,1.1732923946792602,7.199004668611111,6.818419718971194,7,7,True
2026-01-26,11,11,Armado (Line 1),10,50,1,0.6852805613025641,0.9064371015755226,11.674050676111111,8.825764066910775,7,7,True
2026-01-26,12,12,Armado (Line 2),10,50,0,,0.9064371015755226,,8.825764066910775,7,7,True
2026-01-26,13,13,Armado (Line 3),10,50,1,0.7128655855450629,0.9064371015755226,11.222311978888888,8.825764066910775,7,7,True
2026-01-26,14,14,Estacion 1 (Line 1),16,50,2,3.210268682332166,0.9064371015755226,2.4920032531944445,8.825764066910775,7,7,True
2026-01-26,15,15,Estacion 1 (Line 2),16,50,1,0.671733408620256,0.9064371015755226,11.909486557222221,8.825764066910775,7,7,True
2026-01-26,16,16,Estacion 1 (Line 3),16,50,2,0.9542745981368878,0.9064371015755226,8.3833311875,8.825764066910775,7,7,True
2026-01-26,17,17,Estacion 2 (Line 1),14,50,3,0.8946044768088908,0.9064371015755226,8.94249940324074,8.825764066910775,7,7,True
2026-01-26,18,18,Estacion 2 (Line 2),14,50,1,0.6729960566621181,0.9064371015755226,11.887142459166666,8.825764066910775,7,7,True
2026-01-26,19,19,Estacion 2 (Line 3),14,50,2,0.9037444426498977,0.9064371015755226,8.852059965694446,8.825764066910775,7,7,True
2026-01-26,20,20,Estacion 3 (Line 1),12,50,2,0.9939025544120534,0.9064371015755226,8.04907882013889,8.825764066910775,7,7,True
2026-01-26,21,21,Estacion 3 (Line 2),12,50,1,0.6877604919310923,0.9064371015755226,11.63195631888889,8.825764066910775,7,7,True
2026-01-26,22,22,Estacion 3 (Line 3),12,50,2,0.9618839986468672,0.9064371015755226,8.317011210555556,8.825764066910775,7,7,True
2026-01-26,23,23,Estacion 4 (Line 1),7,50,2,0.9854175744377345,0.9064371015755226,8.118385755972222,8.825764066910775,7,7,True
2026-01-26,24,24,Estacion 4 (Line 2),7,50,1,0.6799324477348591,0.9064371015755226,11.765874722777777,8.825764066910775,7,7,True
2026-01-26,25,25,Estacion 4 (Line 3),7,50,2,0.9512427743272286,0.9064371015755226,8.410050741944444,8.825764066910775,7,7,True
2026-01-26,26,26,Estacion 5 (Line 1),12,50,2,0.991105371303303,0.9064371015755226,8.071795624999998,8.825764066910775,7,7,True
2026-01-26,27,27,Estacion 5 (Line 2),12,50,1,0.6829116786714368,0.9064371015755226,11.714545599166666,8.825764066910775,7,7,True
2026-01-26,28,28,Estacion 5 (Line 3),12,50,2,0.9567347897181874,0.9064371015755226,8.361773906388889,8.825764066910775,7,7,True
2026-01-26,29,29,Estacion 6 (Line 1),12,50,2,0.9917895100405244,0.9064371015755226,8.066227681388888,8.825764066910775,7,7,True
2026-01-26,30,30,Estacion 6 (Line 2),12,50,1,0.6839985217714648,0.9064371015755226,11.695931709444443,8.825764066910775,7,7,True
2026-01-26,31,31,Estacion 6 (Line 3),12,50,2,0.9593488123816957,0.9064371015755226,8.338989840555557,8.825764066910775,7,7,True
2026-01-27,11,11,Armado (Line 1),11,54,1,1.4667551278839348,1.33552134902061,5.454216486388889,5.990170060453704,7,7,True
2026-01-27,12,12,Armado (Line 2),11,54,1,1.4705338903415814,1.33552134902061,5.4402010402777785,5.990170060453704,7,7,True
2026-01-27,13,13,Armado (Line 3),11,54,0,,1.33552134902061,,5.990170060453704,7,7,True
2026-01-27,14,14,Estacion 1 (Line 1),16,54,1,1.4398884542172679,1.33552134902061,5.555985935277778,5.990170060453704,7,7,True
2026-01-27,15,15,Estacion 1 (Line 2),16,54,2,1.3154370567200597,1.33552134902061,6.081628884583334,5.990170060453704,7,7,True
2026-01-27,16,16,Estacion 1 (Line 3),16,54,1,1.1751909867620307,1.33552134902061,6.807404149722221,5.990170060453704,7,7,True
2026-01-27,17,17,Estacion 2 (Line 1),14,54,1,0.7263464169535033,1.33552134902061,11.01402831111111,5.990170060453704,7,7,True
2026-01-27,18,18,Estacion 2 (Line 2),14,54,2,1.9237787593426938,1.33552134902061,4.158482341666667,5.990170060453704,7,7,True
2026-01-27,19,19,Estacion 2 (Line 3),14,54,1,1.6069008909572073,1.33552134902061,4.978527328611111,5.990170060453704,7,7,True
2026-01-27,20,20,Estacion 3 (Line 1),12,54,2,0.7853303302987941,1.33552134902061,10.186796168888888,5.990170060453704,7,7,True
2026-01-27,21,21,Estacion 3 (Line 2),12,54,2,1.2496264537851847,1.33552134902061,6.401913128333333,5.990170060453704,7,7,True
2026-01-27,22,22,Estacion 3 (Line 3),12,54,1,1.12650495372087,1.33552134902061,7.101611025833334,5.990170060453704,7,7,True
2026-01-27,23,23,Estacion 4 (Line 1),9,54,2,1.4938409048419268,1.33552134902061,5.3553226277777775,5.990170060453704,7,7,True
2026-01-27,24,24,Estacion 4 (Line 2),9,54,2,1.499788596204826,1.33552134902061,5.334085097222222,5.990170060453704,7,7,True
2026-01-27,25,25,Estacion 4 (Line 3),9,54,1,1.5291301073415806,1.33552134902061,5.231732709722222,5.990170060453704,7,7,True
2026-01-27,26,26,Estacion 5 (Line 1),15,54,2,1.617883766681083,1.33552134902061,4.944730990416668,5.990170060453704,7,7,True
2026-01-27,27,27,Estacion 5 (Line 2),15,54,2,1.4956105611908816,1.33552134902061,5.348986031250001,5.990170060453704,7,7,True
2026-01-27,28,28,Estacion 5 (Line 3),15,54,1,1.533821736148985,1.33552134902061,5.215729971388888,5.990170060453704,7,7,True
2026-01-27,29,29,Estacion 6 (Line 1),14,54,2,1.4024298342703905,1.33552134902061,5.704385206666666,5.990170060453704,7,7,True
2026-01-27,30,30,Estacion 6 (Line 2),14,54,2,1.5004222969422805,1.33552134902061,5.3318322556944455,5.990170060453704,7,7,True
2026-01-27,31,31,Estacion 6 (Line 3),14,54,1,1.5357033590344393,1.33552134902061,5.209339390277777,5.990170060453704,7,7,True
2026-01-28,11,11,Armado (Line 1),11,53,0,,1.256697564543081,,6.365891226111111,7,7,True
2026-01-28,12,12,Armado (Line 2),11,53,1,1.2092131876423116,1.256697564543081,6.615872272777777,6.365891226111111,7,7,True
2026-01-28,13,13,Armado (Line 3),11,53,1,270.8143794611967,1.256697564543081,0.029540528888888893,6.365891226111111,7,7,True
2026-01-28,14,14,Estacion 1 (Line 1),16,53,1,1.1750064805299696,1.256697564543081,6.8084730872222226,6.365891226111111,7,7,True
2026-01-28,15,15,Estacion 1 (Line 2),16,53,2,1.9688968174727537,1.256697564543081,4.063189055416667,6.365891226111111,7,7,True
2026-01-28,16,16,Estacion 1 (Line 3),16,53,3,1.0457071751553026,1.256697564543081,7.6503252440740726,6.365891226111111,7,7,True
2026-01-28,17,17,Estacion 2 (Line 1),14,53,1,1.091079802701529,1.256697564543081,7.332185950277778,6.365891226111111,7,7,True
2026-01-28,18,18,Estacion 2 (Line 2),14,53,2,1.27096672014643,1.256697564543081,6.294421304027778,6.365891226111111,7,7,True
2026-01-28,19,19,Estacion 2 (Line 3),14,53,2,1.4783631515303717,1.256697564543081,5.4113902877777775,6.365891226111111,7,7,True
2026-01-28,20,20,Estacion 3 (Line 1),12,53,1,1.0961404184403076,1.256697564543081,7.2983350174999995,6.365891226111111,7,7,True
2026-01-28,21,21,Estacion 3 (Line 2),12,53,2,1.0983908475057242,1.256697564543081,7.28338188375,6.365891226111111,7,7,True
2026-01-28,22,22,Estacion 3 (Line 3),12,53,2,1.0804987242496882,1.256697564543081,7.403988380972222,6.365891226111111,7,7,True
2026-01-28,23,23,Estacion 4 (Line 1),9,53,1,2.2988221530282487,1.256697564543081,3.4800430252777774,6.365891226111111,7,7,True
2026-01-28,24,24,Estacion 4 (Line 2),9,53,2,1.327027803661892,1.256697564543081,6.02850971013889,6.365891226111111,7,7,True
2026-01-28,25,25,Estacion 4 (Line 3),9,53,2,1.1016604857771775,1.256697564543081,7.261765401666667,6.365891226111111,7,7,True
2026-01-28,26,26,Estacion 5 (Line 1),14,53,1,1.0622727721013927,1.256697564543081,7.531022360833333,6.365891226111111,7,7,True
2026-01-28,27,27,Estacion 5 (Line 2),14,53,2,1.325698702142876,1.256697564543081,6.034553693888889,6.365891226111111,7,7,True
2026-01-28,28,28,Estacion 5 (Line 3),14,53,2,1.1082136176863604,1.256697564543081,7.218824847777777,6.365891226111111,7,7,True
2026-01-28,29,29,Estacion 6 (Line 1),13,53,1,1.0622526984545917,1.256697564543081,7.531164676388889,6.365891226111111,7,7,True
2026-01-28,30,30,Estacion 6 (Line 2),13,53,2,1.3272290957142698,1.256697564543081,6.027595405972223,6.365891226111111,7,7,True
2026-01-28,31,31,Estacion 6 (Line 3),13,53,2,1.1079137131048165,1.256697564543081,7.22077893375,6.365891226111111,7,7,True
2026-01-29,11,11,Armado (Line 1),11,54,1,1.182064456604609,1.2295999447921162,6.767820447777777,6.506181163949653,7,7,True
2026-01-29,12,12,Armado (Line 2),11,54,1,1.144951390255854,1.2295999447921162,6.9871961972222225,6.506181163949653,7,7,True
2026-01-29,13,13,Armado (Line 3),11,54,1,1.5017019036393322,1.2295999447921162,5.327288978333334,6.506181163949653,7,7,True
2026-01-29,14,14,Estacion 1 (Line 1),16,54,2,1.3402821281924344,1.2295999447921162,5.968892542638888,6.506181163949653,7,7,True
2026-01-29,15,15,Estacion 1 (Line 2),16,54,1,1.1670115615626313,1.2295999447921162,6.855116318888889,6.506181163949653,7,7,True
2026-01-29,16,16,Estacion 1 (Line 3),16,54,1,1.5339871001636616,1.2295999447921162,5.215167715000001,6.506181163949653,7,7,True
2026-01-29,17,17,Estacion 2 (Line 1),14,54,2,1.3455411075509003,1.2295999447921162,5.945563428055555,6.506181163949653,7,7,True
2026-01-29,18,18,Estacion 2 (Line 2),14,54,1,0.7540281470371613,1.2295999447921162,10.609683513055556,6.506181163949653,7,7,True
2026-01-29,19,19,Estacion 2 (Line 3),14,54,2,0.8654017643815259,1.2295999447921162,9.244261254444444,6.506181163949653,7,7,True
2026-01-29,20,20,Estacion 3 (Line 1),12,54,2,1.194841881264585,1.2295999447921162,6.695446590416666,6.506181163949653,7,7,True
2026-01-29,21,21,Estacion 3 (Line 2),12,54,1,1.1210721720377712,1.2295999447921162,7.136025850555556,6.506181163949653,7,7,True
2026-01-29,22,22,Estacion 3 (Line 3),12,54,2,1.095523201294802,1.2295999447921162,7.302446895277779,6.506181163949653,7,7,True
2026-01-29,23,23,Estacion 4 (Line 1),9,54,2,1.5094161426098032,1.2295999447921162,5.30006257,6.506181163949653,7,7,True
2026-01-29,24,24,Estacion 4 (Line 2),9,54,1,1.239365002565543,1.2295999447921162,6.454918432777777,6.506181163949653,7,7,True
2026-01-29,25,25,Estacion 4 (Line 3),9,54,2,1.624615162309711,1.2295999447921162,4.924243098055555,6.506181163949653,7,7,True
2026-01-29,26,26,Estacion 5 (Line 1),15,54,2,1.0406871221525558,1.2295999447921162,7.687228783472223,6.506181163949653,7,7,True
2026-01-29,27,27,Estacion 5 (Line 2),15,54,1,1.1056285781292596,1.2295999447921162,7.2357029822222225,6.506181163949653,7,7,True
2026-01-29,28,28,Estacion 5 (Line 3),15,54,2,1.549989204198718,1.2295999447921162,5.161326271388889,6.506181163949653,7,7,True
2026-01-29,29,29,Estacion 6 (Line 1),14,54,2,1.3834010288405951,1.2295999447921162,5.7828495376388895,6.506181163949653,7,7,True
2026-01-29,30,30,Estacion 6 (Line 2),14,54,1,1.1079252059708424,1.2295999447921162,7.220704030277778,6.506181163949653,7,7,True
2026-01-29,31,31,Estacion 6 (Line 3),14,54,2,1.5438753693967573,1.2295999447921162,5.18176541875,6.506181163949653,7,7,True
2026-01-30,11,11,Armado (Line 1),11,53,1,1.2171222738012581,1.2536138768166702,6.572881108333333,6.381550290680077,7,7,True
2026-01-30,12,12,Armado (Line 2),11,53,1,1.2969763633004718,1.2536138768166702,6.168192595,6.381550290680077,7,7,True
2026-01-30,13,13,Armado (Line 3),11,53,0,,1.2536138768166702,,6.381550290680077,7,7,True
2026-01-30,14,14,Estacion 1 (Line 1),16,53,1,1.0686082124978225,1.2536138768166702,7.486373309166667,6.381550290680077,7,7,True
2026-01-30,15,15,Estacion 1 (Line 2),16,53,2,1.1213585803277624,1.2536138768166702,7.134203224861111,6.381550290680077,7,7,True
2026-01-30,16,16,Estacion 1 (Line 3),16,53,1,1.1264335510826489,1.2536138768166702,7.1020611844444455,6.381550290680077,7,7,True
2026-01-30,17,17,Estacion 2 (Line 1),14,53,1,1.0835690321282816,1.2536138768166702,7.383009077222222,6.381550290680077,7,7,True
2026-01-30,18,18,Estacion 2 (Line 2),14,53,2,1.1249088853683245,1.2536138768166702,7.111687092222222,6.381550290680077,7,7,True
2026-01-30,19,19,Estacion 2 (Line 3),14,53,2,1.853881246074434,1.2536138768166702,4.315271011527778,6.381550290680077,7,7,True
2026-01-30,20,20,Estacion 3 (Line 1),12,53,1,1.083363818968633,1.2536138768166702,7.384407583055556,6.381550290680077,7,7,True
2026-01-30,21,21,Estacion 3 (Line 2),12,53,2,1.1542524564682197,1.2536138768166702,6.930892765416667,6.381550290680077,7,7,True
2026-01-30,22,22,Estacion 3 (Line 3),12,53,1,1.1281566298444123,1.2536138768166702,7.091213922222223,6.381550290680077,7,7,True
2026-01-30,23,23,Estacion 4 (Line 1),8,53,2,2.079259498211392,1.2536138768166702,3.8475236048611112,6.381550290680077,7,7,True
2026-01-30,24,24,Estacion 4 (Line 2),8,53,2,1.3026006207368492,1.2536138768166702,6.141560101111111,6.381550290680077,7,7,True
2026-01-30,25,25,Estacion 4 (Line 3),8,53,1,1.1329403122399764,1.2536138768166702,7.0612722608333325,6.381550290680077,7,7,True
2026-01-30,26,26,Estacion 5 (Line 1),14,53,2,1.6702542327491643,1.2536138768166702,4.789690002361111,6.381550290680077,7,7,True
2026-01-30,27,27,Estacion 5 (Line 2),14,53,2,1.3040842845030476,1.2536138768166702,6.134572814861112,6.381550290680077,7,7,True
2026-01-30,28,28,Estacion 5 (Line 3),14,53,1,1.0920528327120227,1.2536138768166702,7.325652899166666,6.381550290680077,7,7,True
2026-01-30,29,29,Estacion 6 (Line 1),13,53,1,1.0173396713074883,1.2536138768166702,7.863646946666667,6.381550290680077,7,7,True
2026-01-30,30,30,Estacion 6 (Line 2),13,53,2,1.3288669298812945,1.2536138768166702,6.02016636888889,6.381550290680077,7,7,True
2026-01-30,31,31,Estacion 6 (Line 3),13,53,1,0.9116691123045821,1.2536138768166702,8.77511357138889,6.381550290680077,7,7,True
2026-02-02,11,11,Armado (Line 1),9,47,1,1.4492364734524699,0.8076864314851867,5.520148123888888,9.904833965440613,7,7,True
2026-02-02,12,12,Armado (Line 2),9,47,0,,0.8076864314851867,,9.904833965440613,7,7,True
2026-02-02,13,13,Armado (Line 3),9,47,1,0.675796433319241,0.8076864314851867,11.83788431777778,9.904833965440613,7,7,True
2026-02-02,14,14,Estacion 1 (Line 1),16,47,2,0.9571627029552899,0.8076864314851867,8.35803565611111,9.904833965440613,7,7,True
2026-02-02,15,15,Estacion 1 (Line 2),16,47,1,0.7247671877409774,0.8076864314851867,11.038027293888888,9.904833965440613,7,7,True
2026-02-02,16,16,Estacion 1 (Line 3),16,47,2,0.9324635201958756,0.8076864314851867,8.579424102638889,9.904833965440613,7,7,True
2026-02-02,17,17,Estacion 2 (Line 1),12,47,2,0.8930440089798425,0.8076864314851867,8.958125153472222,9.904833965440613,7,7,True
2026-02-02,18,18,Estacion 2 (Line 2),12,47,1,0.7374602621906298,0.8076864314851867,10.84804213888889,9.904833965440613,7,7,True
2026-02-02,19,19,Estacion 2 (Line 3),12,47,1,1.491432512770691,0.8076864314851867,5.363970499166666,9.904833965440613,7,7,True
2026-02-02,20,20,Estacion 3 (Line 1),11,47,2,0.8238733231613461,0.8076864314851867,9.710230656944445,9.904833965440613,7,7,True
2026-02-02,21,21,Estacion 3 (Line 2),11,47,1,0.7374322721515385,0.8076864314851867,10.848453888055555,9.904833965440613,7,7,True
2026-02-02,22,22,Estacion 3 (Line 3),11,47,2,0.5482540903005684,0.8076864314851867,14.591774400833334,9.904833965440613,7,7,True
2026-02-02,23,23,Estacion 4 (Line 1),7,47,1,1.7051359528343775,0.8076864314851867,4.6917080052777775,9.904833965440613,7,7,True
2026-02-02,24,24,Estacion 4 (Line 2),7,47,1,0.8175727978688933,0.8076864314851867,9.785061368055555,9.904833965440613,7,7,True
2026-02-02,25,25,Estacion 4 (Line 3),7,47,2,0.9434648098445553,0.8076864314851867,8.479383562083333,9.904833965440613,7,7,True
2026-02-02,26,26,Estacion 5 (Line 1),14,47,1,0.5295287124847923,0.8076864314851867,15.107773783333334,9.904833965440613,7,7,True
2026-02-02,27,27,Estacion 5 (Line 2),14,47,1,0.6749967972825789,0.8076864314851867,11.85190808638889,9.904833965440613,7,7,True
2026-02-02,28,28,Estacion 5 (Line 3),14,47,2,0.9393465388205877,0.8076864314851867,8.516558766527776,9.904833965440613,7,7,True
2026-02-02,29,29,Estacion 6 (Line 1),12,47,2,0.5905268426187046,0.8076864314851867,13.547224990694444,9.904833965440613,7,7,True
2026-02-02,30,30,Estacion 6 (Line 2),12,47,1,0.6783605059544542,0.8076864314851867,11.793139384999998,9.904833965440613,7,7,True
2026-02-02,31,31,Estacion 6 (Line 3),12,47,2,0.9371767364738584,0.8076864314851867,8.536276764722224,9.904833965440613,7,7,True
2026-02-03,11,11,Armado (Line 1),9,52,1,1.6087858841312808,1.3610129485834028,4.9726940538888895,5.877974936481481,7,7,True
2026-02-03,12,12,Armado (Line 2),9,52,1,1.1587191151924663,1.3610129485834028,6.904175390833333,5.877974936481481,7,7,True
2026-02-03,13,13,Armado (Line 3),9,52,1,1.1564403404003634,1.3610129485834028,6.917780122777777,5.877974936481481,7,7,True
2026-02-03,14,14,Estacion 1 (Line 1),16,52,2,1.3332459518998512,1.3610129485834028,6.000393242222222,5.877974936481481,7,7,True
2026-02-03,15,15,Estacion 1 (Line 2),16,52,2,1.377440956342131,1.3610129485834028,5.807871446805555,5.877974936481481,7,7,True
2026-02-03,16,16,Estacion 1 (Line 3),16,52,1,1.153259808744388,1.3610129485834028,6.936858407222222,5.877974936481481,7,7,True
2026-02-03,17,17,Estacion 2 (Line 1),12,52,2,1.241664374194056,1.3610129485834028,6.442964915694444,5.877974936481481,7,7,True
2026-02-03,18,18,Estacion 2 (Line 2),12,52,2,1.3241863619482486,1.3610129485834028,6.041445698194446,5.877974936481481,7,7,True
2026-02-03,19,19,Estacion 2 (Line 3),12,52,1,1.2038853121601873,1.3610129485834028,6.645151260833334,5.877974936481481,7,7,True
2026-02-03,20,20,Estacion 3 (Line 1),12,52,2,1.2573981010337631,1.3610129485834028,6.362344585555555,5.877974936481481,7,7,True
2026-02-03,21,21,Estacion 3 (Line 2),12,52,2,1.3634628665050066,1.3610129485834028,5.86741318486111,5.877974936481481,7,7,True
2026-02-03,22,22,Estacion 3 (Line 3),12,52,1,1.1966556198315847,1.3610129485834028,6.685298483055556,5.877974936481481,7,7,True
2026-02-03,23,23,Estacion 4 (Line 1),10,52,2,1.794719176232124,1.3610129485834028,4.457521881944444,5.877974936481481,7,7,True
2026-02-03,24,24,Estacion 4 (Line 2),10,52,2,1.5841847467261385,1.3610129485834028,5.049916063472222,5.877974936481481,7,7,True
2026-02-03,25,25,Estacion 4 (Line 3),10,52,1,1.7563147965542092,1.3610129485834028,4.554992086666667,5.877974936481481,7,7,True
2026-02-03,26,26,Estacion 5 (Line 1),16,52,2,1.2918386067005256,1.3610129485834028,6.1927240434722215,5.877974936481481,7,7,True
2026-02-03,27,27,Estacion 5 (Line 2),16,52,2,1.5068032859370628,1.3610129485834028,5.30925308875,5.877974936481481,7,7,True
2026-02-03,28,28,Estacion 5 (Line 3),16,52,1,1.6783212323342176,1.3610129485834028,4.766667933333334,5.877974936481481,7,7,True
2026-02-03,29,29,Estacion 6 (Line 1),15,52,2,1.376651714653146,1.3610129485834028,5.811201130138888,5.877974936481481,7,7,True
2026-02-03,30,30,Estacion 6 (Line 2),15,52,2,1.3122949959669599,1.3610129485834028,6.096190280833334,5.877974936481481,7,7,True
2026-02-03,31,31,Estacion 6 (Line 3),15,52,1,1.1920592093819224,1.3610129485834028,6.711076041388888,5.877974936481481,7,7,True
2026-02-04,11,11,Armado (Line 1),9,51,0,,1.279791115767247,,6.251020109015152,7,7,True
2026-02-04,12,12,Armado (Line 2),9,51,1,1.1706043339546666,1.279791115767247,6.834076867777778,6.251020109015152,7,7,True
2026-02-04,13,13,Armado (Line 3),9,51,1,1.660467903309282,1.279791115767247,4.817919084166666,6.251020109015152,7,7,True
2026-02-04,14,14,Estacion 1 (Line 1),15,51,1,1.1207637876885646,1.279791115767247,7.1379893674999995,6.251020109015152,7,7,True
2026-02-04,15,15,Estacion 1 (Line 2),15,51,2,1.1799960004178969,1.279791115767247,6.779683996527778,6.251020109015152,7,7,True
2026-02-04,16,16,Estacion 1 (Line 3),15,51,2,1.3024914906158465,1.279791115767247,6.142074675833333,6.251020109015152,7,7,True
2026-02-04,17,17,Estacion 2 (Line 1),12,51,1,1.1545904479963793,1.279791115767247,6.928863835555556,6.251020109015152,7,7,True
2026-02-04,18,18,Estacion 2 (Line 2),12,51,2,1.1648710689612367,1.279791115767247,6.867712842361111,6.251020109015152,7,7,True
2026-02-04,19,19,Estacion 2 (Line 3),12,51,2,1.7295390326776967,1.279791115767247,4.625509947361111,6.251020109015152,7,7,True
2026-02-04,20,20,Estacion 3 (Line 1),12,51,1,1.1438599009213781,1.279791115767247,6.993863491111112,6.251020109015152,7,7,True
2026-02-04,21,21,Estacion 3 (Line 2),12,51,2,1.186496807797944,1.279791115767247,6.7425381572222225,6.251020109015152,7,7,True
2026-02-04,22,22,Estacion 3 (Line 3),12,51,2,1.1795294523514905,1.279791115767247,6.7823656154166665,6.251020109015152,7,7,True
2026-02-04,23,23,Estacion 4 (Line 1),10,51,1,1.1682453048105186,1.279791115767247,6.847876868888889,6.251020109015152,7,7,True
2026-02-04,24,24,Estacion 4 (Line 2),10,51,2,1.1890872863660102,1.279791115767247,6.727849243472222,6.251020109015152,7,7,True
2026-02-04,25,25,Estacion 4 (Line 3),10,51,2,1.318926466468692,1.279791115767247,6.065539060277778,6.251020109015152,7,7,True
2026-02-04,26,26,Estacion 5 (Line 1),16,51,1,1.1718676502211915,1.279791115767247,6.826709482499999,6.251020109015152,7,7,True
2026-02-04,27,27,Estacion 5 (Line 2),16,51,2,1.2476019776595895,1.279791115767247,6.41230147375,6.251020109015152,7,7,True
2026-02-04,28,28,Estacion 5 (Line 3),16,51,2,1.2786617574635535,1.279791115767247,6.2565412262499995,6.251020109015152,7,7,True
2026-02-04,29,29,Estacion 6 (Line 1),15,51,1,1.1762689132302553,1.279791115767247,6.801165881388889,6.251020109015152,7,7,True
2026-02-04,30,30,Estacion 6 (Line 2),15,51,3,1.7274454993574606,1.279791115767247,4.631115715648149,6.251020109015152,7,7,True
2026-02-04,31,31,Estacion 6 (Line 3),15,51,2,1.290570381115463,1.279791115767247,6.198809547361111,6.251020109015152,7,7,True
2026-02-05,11,11,Armado (Line 1),9,51,1,1.1042800939667807,1.2788894152957362,7.244538811944444,6.255427486003584,7,7,True
2026-02-05,12,12,Armado (Line 2),9,51,1,1.2507492429853453,1.2788894152957362,6.396166173888889,6.255427486003584,7,7,True
2026-02-05,13,13,Armado (Line 3),9,51,0,,1.2788894152957362,,6.255427486003584,7,7,True
2026-02-05,14,14,Estacion 1 (Line 1),15,51,2,1.3074964207123183,1.2788894152957362,6.118563594722222,6.255427486003584,7,7,True
2026-02-05,15,15,Estacion 1 (Line 2),15,51,1,1.2495393846395269,1.2788894152957362,6.402359219999999,6.255427486003584,7,7,True
2026-02-05,16,16,Estacion 1 (Line 3),15,51,2,1.2253194629828101,1.2788894152957362,6.528909595972222,6.255427486003584,7,7,True
2026-02-05,17,17,Estacion 2 (Line 1),13,51,2,1.313614896331914,1.2788894152957362,6.090064921111112,6.255427486003584,7,7,True
2026-02-05,18,18,Estacion 2 (Line 2),13,51,1,1.2713626458393004,1.2788894152957362,6.292461105555556,6.255427486003584,7,7,True
2026-02-05,19,19,Estacion 2 (Line 3),13,51,2,1.2476974065762856,1.2788894152957362,6.411811035138888,6.255427486003584,7,7,True
2026-02-05,20,20,Estacion 3 (Line 1),13,51,2,1.7184051113301315,1.2788894152957362,4.655479634722222,6.255427486003584,7,7,True
2026-02-05,21,21,Estacion 3 (Line 2),13,51,1,1.2890435023961853,1.2788894152957362,6.206152069444444,6.255427486003584,7,7,True
2026-02-05,22,22,Estacion 3 (Line 3),13,51,2,0.9878009724233979,1.2788894152957362,8.098797453472223,6.255427486003584,7,7,True
2026-02-05,23,23,Estacion 4 (Line 1),10,51,2,1.3128153974633683,1.2788894152957362,6.093773744166667,6.255427486003584,7,7,True
2026-02-05,24,24,Estacion 4 (Line 2),10,51,1,1.295611168904309,1.2788894152957362,6.1746920619444445,6.255427486003584,7,7,True
2026-02-05,25,25,Estacion 4 (Line 3),10,51,2,1.387534838298794,1.2788894152957362,5.765620998611111,6.255427486003584,7,7,True
2026-02-05,26,26,Estacion 5 (Line 1),16,51,2,1.3078915883180198,1.2788894152957362,6.116714926111111,6.255427486003584,7,7,True
2026-02-05,27,27,Estacion 5 (Line 2),16,51,1,1.3119732665300865,1.2788894152957362,6.097685222777779,6.255427486003584,7,7,True
2026-02-05,28,28,Estacion 5 (Line 3),16,51,2,1.295061662683784,1.2788894152957362,6.177312038888888,6.255427486003584,7,7,True
2026-02-05,29,29,Estacion 6 (Line 1),14,51,2,1.2970092500632155,1.2788894152957362,6.168036195277778,6.255427486003584,7,7,True
2026-02-05,30,30,Estacion 6 (Line 2),14,51,0,,1.2788894152957362,,6.255427486003584,7,7,True
2026-02-05,31,31,Estacion 6 (Line 3),14,51,2,1.2644194068941406,1.2788894152957362,6.327014562083334,6.255427486003584,7,7,True
2026-02-06,11,11,Armado (Line 1),8,49,0,,1.1491518945958397,,6.961655841688034,7,7,True
2026-02-06,12,12,Armado (Line 2),8,49,1,1.2721531848426344,1.1491518945958397,6.2885508563888886,6.961655841688034,7,7,True
2026-02-06,13,13,Armado (Line 3),8,49,1,1.2395170553794914,1.1491518945958397,6.4541266013888885,6.961655841688034,7,7,True
2026-02-06,14,14,Estacion 1 (Line 1),15,49,1,1.0410102682373814,1.1491518945958397,7.684842545833334,6.961655841688034,7,7,True
2026-02-06,15,15,Estacion 1 (Line 2),15,49,2,1.2903110891588814,1.1491518945958397,6.200055217083333,6.961655841688034,7,7,True
2026-02-06,16,16,Estacion 1 (Line 3),15,49,1,1.1182177279164573,1.1491518945958397,7.154241790555555,6.961655841688034,7,7,True
2026-02-06,17,17,Estacion 2 (Line 1),13,49,1,1.055044003657528,1.1491518945958397,7.582622120277778,6.961655841688034,7,7,True
2026-02-06,18,18,Estacion 2 (Line 2),13,49,2,1.2865474452820125,1.1491518945958397,6.2181927525,6.961655841688034,7,7,True
2026-02-06,19,19,Estacion 2 (Line 3),13,49,1,1.1278052167892034,1.1491518945958397,7.093423475,6.961655841688034,7,7,True
2026-02-06,20,20,Estacion 3 (Line 1),13,49,1,1.0409100641994296,1.1491518945958397,7.685582333333333,6.961655841688034,7,7,True
2026-02-06,21,21,Estacion 3 (Line 2),13,49,2,1.1311257553267522,1.1491518945958397,7.07259998486111,6.961655841688034,7,7,True
2026-02-06,22,22,Estacion 3 (Line 3),13,49,1,1.1219859540841082,1.1491518945958397,7.130214037777777,6.961655841688034,7,7,True
2026-02-06,23,23,Estacion 4 (Line 1),10,49,1,0.7588438831149579,1.1491518945958397,10.542352884444446,6.961655841688034,7,7,True
2026-02-06,24,24,Estacion 4 (Line 2),10,49,2,1.2967763429865493,1.1491518945958397,6.169144003333333,6.961655841688034,7,7,True
2026-02-06,25,25,Estacion 4 (Line 3),10,49,1,1.115526463495085,1.1491518945958397,7.171501763333334,6.961655841688034,7,7,True
2026-02-06,26,26,Estacion 5 (Line 1),15,49,1,1.0556484073776937,1.1491518945958397,7.578280745833334,6.961655841688034,7,7,True
2026-02-06,27,27,Estacion 5 (Line 2),15,49,2,1.271524954536053,1.1491518945958397,6.291657880138889,6.961655841688034,7,7,True
2026-02-06,28,28,Estacion 5 (Line 3),15,49,1,1.1071120544669242,1.1491518945958397,7.226007491944444,6.961655841688034,7,7,True
2026-02-06,29,29,Estacion 6 (Line 1),13,49,1,1.0472136922954065,1.1491518945958397,7.639319518888888,6.961655841688034,7,7,True
2026-02-06,30,30,Estacion 6 (Line 2),13,49,2,1.2749058138495915,1.1491518945958397,6.274973345555556,6.961655841688034,7,7,True
2026-02-06,31,31,Estacion 6 (Line 3),13,49,1,1.0930844255130576,1.1491518945958397,7.318739351944444,6.961655841688034,7,7,True
2026-02-09,11,11,Armado (Line 1),9,50,1,0.703911004659949,0.9010526344357777,11.365073066111112,8.878504644747474,7,7,True
2026-02-09,12,12,Armado (Line 2),9,50,1,0.8119411626552302,0.9010526344357777,9.85293069,8.878504644747474,7,7,True
2026-02-09,13,13,Armado (Line 3),9,50,1,1.5370882522522635,0.9010526344357777,5.204645854444444,8.878504644747474,7,7,True
2026-02-09,14,14,Estacion 1 (Line 1),14,50,2,0.988457513970763,0.9010526344357777,8.09341816611111,8.878504644747474,7,7,True
2026-02-09,15,15,Estacion 1 (Line 2),14,50,1,0.7095043346947826,0.9010526344357777,11.275477271666666,8.878504644747474,7,7,True
2026-02-09,16,16,Estacion 1 (Line 3),14,50,2,0.9872446797201844,0.9010526344357777,8.103360964444445,8.878504644747474,7,7,True
2026-02-09,17,17,Estacion 2 (Line 1),12,50,2,0.9899245514046008,0.9010526344357777,8.081423971805554,8.878504644747474,7,7,True
2026-02-09,18,18,Estacion 2 (Line 2),12,50,1,0.7119870710724623,0.9010526344357777,11.236159089166666,8.878504644747474,7,7,True
2026-02-09,19,19,Estacion 2 (Line 3),12,50,2,0.9673295486116347,0.9010526344357777,8.27019086875,8.878504644747474,7,7,True
2026-02-09,20,20,Estacion 3 (Line 1),12,50,2,0.9071094723033968,0.9010526344357777,8.819222204444445,8.878504644747474,7,7,True
2026-02-09,21,21,Estacion 3 (Line 2),12,50,1,0.7003550453550109,0.9010526344357777,11.422777708333335,8.878504644747474,7,7,True
2026-02-09,22,22,Estacion 3 (Line 3),12,50,2,0.959800159320971,0.9010526344357777,8.335068422638889,8.878504644747474,7,7,True
2026-02-09,23,23,Estacion 4 (Line 1),9,50,2,0.9175364783638835,0.9010526344357777,8.718999395277775,8.878504644747474,7,7,True
2026-02-09,24,24,Estacion 4 (Line 2),9,50,1,0.812026037815879,0.9010526344357777,9.851900835,8.878504644747474,7,7,True
2026-02-09,25,25,Estacion 4 (Line 3),9,50,2,0.975046128833108,0.9010526344357777,8.204740025555555,8.878504644747474,7,7,True
2026-02-09,26,26,Estacion 5 (Line 1),14,50,2,0.9839369583502003,0.9010526344357777,8.130602201805555,8.878504644747474,7,7,True
2026-02-09,27,27,Estacion 5 (Line 2),14,50,1,0.697279259553274,0.9010526344357777,11.473165005833332,8.878504644747474,7,7,True
2026-02-09,28,28,Estacion 5 (Line 3),14,50,2,0.9493688005133217,0.9010526344357777,8.426651471666666,8.878504644747474,7,7,True
2026-02-09,29,29,Estacion 6 (Line 1),15,50,2,0.9819739708169783,0.9010526344357777,8.146855454166667,8.878504644747474,7,7,True
2026-02-09,30,30,Estacion 6 (Line 2),15,50,1,0.6829705101001979,0.9010526344357777,11.713536502222222,8.878504644747474,7,7,True
2026-02-09,31,31,Estacion 6 (Line 3),15,50,2,0.9448491012370407,0.9010526344357777,8.466960480277777,8.878504644747474,7,7,True
2026-02-10,11,11,Armado (Line 1),10,54,1,1.2811646550288347,1.2590868211279074,6.2443183775,6.353811243003473,7,7,True
2026-02-10,12,12,Armado (Line 2),10,54,1,0.8273245123140078,1.2590868211279074,9.669724371666666,6.353811243003473,7,7,True
2026-02-10,13,13,Armado (Line 3),10,54,0,,1.2590868211279074,,6.353811243003473,7,7,True
2026-02-10,14,14,Estacion 1 (Line 1),16,54,2,1.3604076386855848,1.2590868211279074,5.880590326388888,6.353811243003473,7,7,True
2026-02-10,15,15,Estacion 1 (Line 2),16,54,2,0.9386658410175834,1.2590868211279074,8.522734769305556,6.353811243003473,7,7,True
2026-02-10,16,16,Estacion 1 (Line 3),16,54,1,1.1526455639068927,1.2590868211279074,6.940555059166667,6.353811243003473,7,7,True
2026-02-10,17,17,Estacion 2 (Line 1),14,54,2,1.252545580240001,1.2590868211279074,6.386993117222222,6.353811243003473,7,7,True
2026-02-10,18,18,Estacion 2 (Line 2),14,54,2,1.2988161045626943,1.2590868211279074,6.159455500972222,6.353811243003473,7,7,True
2026-02-10,19,19,Estacion 2 (Line 3),14,54,1,1.166700020641998,1.2590868211279074,6.856946823055556,6.353811243003473,7,7,True
2026-02-10,20,20,Estacion 3 (Line 1),12,54,2,1.213550505679605,1.2590868211279074,6.59222666263889,6.353811243003473,7,7,True
2026-02-10,21,21,Estacion 3 (Line 2),12,54,2,1.3146590275290078,1.2590868211279074,6.085228057222222,6.353811243003473,7,7,True
2026-02-10,22,22,Estacion 3 (Line 3),12,54,1,1.1735364836994155,1.2590868211279074,6.817001525833333,6.353811243003473,7,7,True
2026-02-10,23,23,Estacion 4 (Line 1),9,54,2,1.5868574500924864,1.2590868211279074,5.041410619166667,6.353811243003473,7,7,True
2026-02-10,24,24,Estacion 4 (Line 2),9,54,2,1.581278156906307,1.2590868211279074,5.0591984497222215,6.353811243003473,7,7,True
2026-02-10,25,25,Estacion 4 (Line 3),9,54,1,1.660798351792714,1.2590868211279074,4.816960464444445,6.353811243003473,7,7,True
2026-02-10,26,26,Estacion 5 (Line 1),16,54,2,1.3782242793428727,1.2590868211279074,5.804570504166667,6.353811243003473,7,7,True
2026-02-10,27,27,Estacion 5 (Line 2),16,54,2,1.3156213217656803,1.2590868211279074,6.080777095694445,6.353811243003473,7,7,True
2026-02-10,28,28,Estacion 5 (Line 3),16,54,1,1.166501700536224,1.2590868211279074,6.8581125911111105,6.353811243003473,7,7,True
2026-02-10,29,29,Estacion 6 (Line 1),17,54,2,1.2235986743134208,1.2590868211279074,6.538091424861111,6.353811243003473,7,7,True
2026-02-10,30,30,Estacion 6 (Line 2),17,54,2,1.319294729386903,1.2590868211279074,6.06384594875,6.353811243003473,7,7,True
2026-02-10,31,31,Estacion 6 (Line 3),17,54,1,1.1961551486658455,1.2590868211279074,6.688095611111111,6.353811243003473,7,7,True
2026-02-11,11,11,Armado (Line 1),10,53,1,1.144351853743042,1.2602764763995389,6.990856853888889,6.347813475702614,7,7,True
2026-02-11,12,12,Armado (Line 2),10,53,1,1.5323432687360967,1.2602764763995389,5.220762320833333,6.347813475702614,7,7,True
2026-02-11,13,13,Armado (Line 3),10,53,1,1.1181785933356951,1.2602764763995389,7.154492178333333,6.347813475702614,7,7,True
2026-02-11,14,14,Estacion 1 (Line 1),16,53,1,1.1481608296022296,1.2602764763995389,6.967664976666667,6.347813475702614,7,7,True
2026-02-11,15,15,Estacion 1 (Line 2),16,53,2,1.2103419104339594,1.2602764763995389,6.609702540277778,6.347813475702614,7,7,True
2026-02-11,16,16,Estacion 1 (Line 3),16,53,2,1.3056811397386618,1.2602764763995389,6.1270701984722225,6.347813475702614,7,7,True
2026-02-11,17,17,Estacion 2 (Line 1),14,53,1,1.1723859838299755,1.2602764763995389,6.8236912675,6.347813475702614,7,7,True
2026-02-11,18,18,Estacion 2 (Line 2),14,53,2,1.2285233343959971,1.2602764763995389,6.511882823888889,6.347813475702614,7,7,True
2026-02-11,19,19,Estacion 2 (Line 3),14,53,2,1.28984509827992,1.2602764763995389,6.202295152083334,6.347813475702614,7,7,True
2026-02-11,20,20,Estacion 3 (Line 1),12,53,1,1.1692406222341145,1.2602764763995389,6.842047605833333,6.347813475702614,7,7,True
2026-02-11,21,21,Estacion 3 (Line 2),12,53,2,1.2131270998914971,1.2602764763995389,6.594527482499999,6.347813475702614,7,7,True
2026-02-11,22,22,Estacion 3 (Line 3),12,53,2,1.1814936142463195,1.2602764763995389,6.771090341527778,6.347813475702614,7,7,True
2026-02-11,23,23,Estacion 4 (Line 1),9,53,1,1.2436522571334612,1.2602764763995389,6.432666329444444,6.347813475702614,7,7,True
2026-02-11,24,24,Estacion 4 (Line 2),9,53,2,1.2296842125981717,1.2602764763995389,6.505735308333334,6.347813475702614,7,7,True
2026-02-11,25,25,Estacion 4 (Line 3),9,53,2,1.287426176243362,1.2602764763995389,6.213948533611111,6.347813475702614,7,7,True
2026-02-11,26,26,Estacion 5 (Line 1),15,53,1,1.2106393787705485,1.2602764763995389,6.608078458611112,6.347813475702614,7,7,True
2026-02-11,27,27,Estacion 5 (Line 2),15,53,2,1.2274103614952419,1.2602764763995389,6.517787572083334,6.347813475702614,7,7,True
2026-02-11,28,28,Estacion 5 (Line 3),15,53,2,1.2865662483906342,1.2602764763995389,6.218101873888889,6.347813475702614,7,7,True
2026-02-11,29,29,Estacion 6 (Line 1),16,53,2,1.5225208235575474,1.2602764763995389,5.254443733194445,6.347813475702614,7,7,True
2026-02-11,30,30,Estacion 6 (Line 2),16,53,2,1.4481042046912034,1.2602764763995389,5.524464312777778,6.347813475702614,7,7,True
2026-02-11,31,31,Estacion 6 (Line 3),16,53,2,1.2615014996961433,1.2602764763995389,6.341649218749999,6.347813475702614,7,7,True
2026-02-12,11,11,Armado (Line 1),10,53,1,1.6325026076000995,1.3111849402031237,4.900451590555556,6.1013513461805555,7,7,True
2026-02-12,12,12,Armado (Line 2),10,53,0,,1.3111849402031237,,6.1013513461805555,7,7,True
2026-02-12,13,13,Armado (Line 3),10,53,1,1.303650193804243,1.3111849402031237,6.136615510833334,6.1013513461805555,7,7,True
2026-02-12,14,14,Estacion 1 (Line 1),16,53,2,1.3075359398638948,1.3111849402031237,6.11837866638889,6.1013513461805555,7,7,True
2026-02-12,15,15,Estacion 1 (Line 2),16,53,1,1.1630072505823803,1.3111849402031237,6.878718938333334,6.1013513461805555,7,7,True
2026-02-12,16,16,Estacion 1 (Line 3),16,53,2,1.2161384840647043,1.3111849402031237,6.5781982108333334,6.1013513461805555,7,7,True
2026-02-12,17,17,Estacion 2 (Line 1),14,53,3,1.833435666021598,1.3111849402031237,4.363392808518518,6.1013513461805555,7,7,True
2026-02-12,18,18,Estacion 2 (Line 2),14,53,1,1.1661625696873945,1.3111849402031237,6.860106993611112,6.1013513461805555,7,7,True
2026-02-12,19,19,Estacion 2 (Line 3),14,53,2,1.2474443258065622,1.3111849402031237,6.413111859583334,6.1013513461805555,7,7,True
2026-02-12,20,20,Estacion 3 (Line 1),12,53,2,1.2909283655824442,1.3111849402031237,6.197090569305556,6.1013513461805555,7,7,True
2026-02-12,21,21,Estacion 3 (Line 2),12,53,1,1.1608240949016744,1.3111849402031237,6.891655708333333,6.1013513461805555,7,7,True
2026-02-12,22,22,Estacion 3 (Line 3),12,53,2,1.241524887860712,1.3111849402031237,6.443688788055556,6.1013513461805555,7,7,True
2026-02-12,23,23,Estacion 4 (Line 1),9,53,2,1.3022977067771513,1.3111849402031237,6.142988625694445,6.1013513461805555,7,7,True
2026-02-12,24,24,Estacion 4 (Line 2),9,53,1,1.2069601239410657,1.3111849402031237,6.628222292777777,6.1013513461805555,7,7,True
2026-02-12,25,25,Estacion 4 (Line 3),9,53,2,1.378661559639079,1.3111849402031237,5.802729425555556,6.1013513461805555,7,7,True
2026-02-12,26,26,Estacion 5 (Line 1),15,53,2,1.3063547338995378,1.3111849402031237,6.123910904444444,6.1013513461805555,7,7,True
2026-02-12,27,27,Estacion 5 (Line 2),15,53,1,1.1862287006146528,1.3111849402031237,6.744062081666667,6.1013513461805555,7,7,True
2026-02-12,28,28,Estacion 5 (Line 3),15,53,2,1.2453537448201024,1.3111849402031237,6.423877579583333,6.1013513461805555,7,7,True
2026-02-12,29,29,Estacion 6 (Line 1),16,53,1,1.603889745123109,1.3111849402031237,4.987874025833333,6.1013513461805555,7,7,True
2026-02-12,30,30,Estacion 6 (Line 2),16,53,1,1.1752921627282966,1.3111849402031237,6.806818128888889,6.1013513461805555,7,7,True
2026-02-12,31,31,Estacion 6 (Line 3),16,53,2,1.247019805577146,1.3111849402031237,6.41529506125,6.1013513461805555,7,7,True
2026-02-13,11,11,Armado (Line 1),8,49,0,,1.2410204401107137,,6.446308007051282,7,7,True
2026-02-13,12,12,Armado (Line 2),8,49,2,2.1250659127608205,1.2410204401107137,3.7645891131944444,6.446308007051282,7,7,True
2026-02-13,13,13,Armado (Line 3),8,49,1,1.1645922271985643,1.2410204401107137,6.869357199166667,6.446308007051282,7,7,True
2026-02-13,14,14,Estacion 1 (Line 1),15,49,1,1.0572687858487493,1.2410204401107137,7.566666213055555,6.446308007051282,7,7,True
2026-02-13,15,15,Estacion 1 (Line 2),15,49,2,1.2993294514272187,1.2410204401107137,6.157021986388889,6.446308007051282,7,7,True
2026-02-13,16,16,Estacion 1 (Line 3),15,49,1,1.1792852605303814,1.2410204401107137,6.783770023888889,6.446308007051282,7,7,True
2026-02-13,17,17,Estacion 2 (Line 1),13,49,0,,1.2410204401107137,,6.446308007051282,7,7,True
2026-02-13,18,18,Estacion 2 (Line 2),13,49,2,1.3014401047520465,1.2410204401107137,6.147036633333333,6.446308007051282,7,7,True
2026-02-13,19,19,Estacion 2 (Line 3),13,49,1,1.1610142823060838,1.2410204401107137,6.8905267763888896,6.446308007051282,7,7,True
2026-02-13,20,20,Estacion 3 (Line 1),11,49,1,1.1778122153656518,1.2410204401107137,6.792254228333333,6.446308007051282,7,7,True
2026-02-13,21,21,Estacion 3 (Line 2),11,49,2,1.2784918504707874,1.2410204401107137,6.257372698194445,6.446308007051282,7,7,True
2026-02-13,22,22,Estacion 3 (Line 3),11,49,1,1.1256007719124337,1.2410204401107137,7.107315666111111,6.446308007051282,7,7,True
2026-02-13,23,23,Estacion 4 (Line 1),9,49,1,1.0551701766617736,1.2410204401107137,7.581715420833333,6.446308007051282,7,7,True
2026-02-13,24,24,Estacion 4 (Line 2),9,49,2,1.299568836790082,1.2410204401107137,6.155887840277777,6.446308007051282,7,7,True
2026-02-13,25,25,Estacion 4 (Line 3),9,49,1,1.1681754135627653,1.2410204401107137,6.848286573333334,6.446308007051282,7,7,True
2026-02-13,26,26,Estacion 5 (Line 1),14,49,1,1.0606185549191796,1.2410204401107137,7.542768286388889,6.446308007051282,7,7,True
2026-02-13,27,27,Estacion 5 (Line 2),14,49,2,1.289729372278426,1.2410204401107137,6.202851677222223,6.446308007051282,7,7,True
2026-02-13,28,28,Estacion 5 (Line 3),14,49,1,1.137331247893113,1.2410204401107137,7.034010553055555,6.446308007051282,7,7,True
2026-02-13,29,29,Estacion 6 (Line 1),15,49,1,1.039334344198746,1.2410204401107137,7.697234335277779,6.446308007051282,7,7,True
2026-02-13,30,30,Estacion 6 (Line 2),15,49,2,1.2883152428701137,1.2410204401107137,6.209660286388888,6.446308007051282,7,7,True
2026-02-13,31,31,Estacion 6 (Line 3),15,49,1,1.1265602518439526,1.2410204401107137,7.1012624375,6.446308007051282,7,7,True
2026-02-16,11,11,Armado (Line 1),10,51,1,0.6816332262418323,0.8750678503652677,11.736517076944443,9.142148230746528,7,7,True
2026-02-16,12,12,Armado (Line 2),10,51,0,,0.8750678503652677,,9.142148230746528,7,7,True
2026-02-16,13,13,Armado (Line 3),10,51,1,1.496890636316883,0.8750678503652677,5.344411813333333,9.142148230746528,7,7,True
2026-02-16,14,14,Estacion 1 (Line 1),15,51,2,0.968895090360826,0.8750678503652677,8.256827885277778,9.142148230746528,7,7,True
2026-02-16,15,15,Estacion 1 (Line 2),15,51,1,0.6943373446334933,0.8750678503652677,11.521776931388889,9.142148230746528,7,7,True
2026-02-16,16,16,Estacion 1 (Line 3),15,51,2,0.9491637203933787,0.8750678503652677,8.428472167777777,9.142148230746528,7,7,True
2026-02-16,17,17,Estacion 2 (Line 1),15,51,2,1.0089212533413725,0.8750678503652677,7.9292610533333345,9.142148230746528,7,7,True
2026-02-16,18,18,Estacion 2 (Line 2),15,51,1,0.7088204887448745,0.8750678503652677,11.286355469444446,9.142148230746528,7,7,True
2026-02-16,19,19,Estacion 2 (Line 3),15,51,2,0.9210082908554736,0.8750678503652677,8.686132447916666,9.142148230746528,7,7,True
2026-02-16,20,20,Estacion 3 (Line 1),13,51,2,0.6704056409493793,0.8750678503652677,11.933073815833332,9.142148230746528,7,7,True
2026-02-16,21,21,Estacion 3 (Line 2),13,51,1,0.7059438978049865,0.8750678503652677,11.3323452825,9.142148230746528,7,7,True
2026-02-16,22,22,Estacion 3 (Line 3),13,51,2,1.0136414620978962,0.8750678503652677,7.892336984166667,9.142148230746528,7,7,True
2026-02-16,23,23,Estacion 4 (Line 1),7,51,2,0.9750088492260192,0.8750678503652677,8.205053735,9.142148230746528,7,7,True
2026-02-16,24,24,Estacion 4 (Line 2),7,51,1,0.7083118207863514,0.8750678503652677,11.294460667222221,9.142148230746528,7,7,True
2026-02-16,25,25,Estacion 4 (Line 3),7,51,2,0.9685868630313416,0.8750678503652677,8.259455403888888,9.142148230746528,7,7,True
2026-02-16,26,26,Estacion 5 (Line 1),14,51,2,0.9753496247853404,0.8750678503652677,8.202186986805556,9.142148230746528,7,7,True
2026-02-16,27,27,Estacion 5 (Line 2),14,51,1,0.689609284695668,0.8750678503652677,11.600771882777776,9.142148230746528,7,7,True
2026-02-16,28,28,Estacion 5 (Line 3),14,51,2,0.9464007022231826,0.8750678503652677,8.453079104027777,9.142148230746528,7,7,True
2026-02-16,29,29,Estacion 6 (Line 1),15,51,2,0.9855176161209207,0.8750678503652677,8.11756164388889,9.142148230746528,7,7,True
2026-02-16,30,30,Estacion 6 (Line 2),15,51,1,0.6319214409458274,0.8750678503652677,12.659801490555557,9.142148230746528,7,7,True
2026-02-16,31,31,Estacion 6 (Line 3),15,51,2,0.9386685517495241,0.8750678503652677,8.522710156944443,9.142148230746528,7,7,True
2026-02-17,11,11,Armado (Line 1),10,54,1,1.1984858345945544,1.0125323816831249,6.6750893244444445,7.900981879415709,7,7,True
2026-02-17,12,12,Armado (Line 2),10,54,1,1.169711663304241,1.0125323816831249,6.8392923238888885,7.900981879415709,7,7,True
2026-02-17,13,13,Armado (Line 3),10,54,0,,1.0125323816831249,,7.900981879415709,7,7,True
2026-02-17,14,14,Estacion 1 (Line 1),15,54,2,1.2123545107144662,1.0125323816831249,6.598729933611111,7.900981879415709,7,7,True
2026-02-17,15,15,Estacion 1 (Line 2),15,54,2,0.6349581061417761,1.0125323816831249,12.5992564275,7.900981879415709,7,7,True
2026-02-17,16,16,Estacion 1 (Line 3),15,54,1,0.7511936261706592,1.0125323816831249,10.649717624444444,7.900981879415709,7,7,True
2026-02-17,17,17,Estacion 2 (Line 1),15,54,2,1.1965739573052037,1.0125323816831249,6.685754734305556,7.900981879415709,7,7,True
2026-02-17,18,18,Estacion 2 (Line 2),15,54,2,1.0952380684737584,1.0125323816831249,7.304348004583333,7.900981879415709,7,7,True
2026-02-17,19,19,Estacion 2 (Line 3),15,54,1,1.0325924003924085,1.0125323816831249,7.747490681666666,7.900981879415709,7,7,True
2026-02-17,20,20,Estacion 3 (Line 1),13,54,1,1.080935608896678,1.0125323816831249,7.400995891111111,7.900981879415709,7,7,True
2026-02-17,21,21,Estacion 3 (Line 2),13,54,2,1.0218838189134078,1.0125323816831249,7.8286786148611105,7.900981879415709,7,7,True
2026-02-17,22,22,Estacion 3 (Line 3),13,54,1,0.7418164318822107,1.0125323816831249,10.784339165555556,7.900981879415709,7,7,True
2026-02-17,23,23,Estacion 4 (Line 1),8,54,1,1.498191586465115,1.0125323816831249,5.339771009444444,7.900981879415709,7,7,True
2026-02-17,24,24,Estacion 4 (Line 2),8,54,2,1.2797376336505628,1.0125323816831249,6.251281348333333,7.900981879415709,7,7,True
2026-02-17,25,25,Estacion 4 (Line 3),8,54,1,0.9147257678284433,1.0125323816831249,8.745790576111112,7.900981879415709,7,7,True
2026-02-17,26,26,Estacion 5 (Line 1),16,54,2,1.4378269277636304,1.0125323816831249,5.563951992777777,7.900981879415709,7,7,True
2026-02-17,27,27,Estacion 5 (Line 2),16,54,2,1.2571671758745049,1.0125323816831249,6.363513265,7.900981879415709,7,7,True
2026-02-17,28,28,Estacion 5 (Line 3),16,54,1,0.8865589335892587,1.0125323816831249,9.023652796111111,7.900981879415709,7,7,True
2026-02-17,29,29,Estacion 6 (Line 1),17,54,1,1.0781663781953095,1.0125323816831249,7.420005076944444,7.900981879415709,7,7,True
2026-02-17,30,30,Estacion 6 (Line 2),17,54,2,0.797513099748306,1.0125323816831249,10.03118319,7.900981879415709,7,7,True
2026-02-17,31,31,Estacion 6 (Line 3),17,54,1,0.7961042628829083,1.0125323816831249,10.048935011388888,7.900981879415709,7,7,True
